is_workday,spicy_ratio,noodles_ratio,rice_ratio,fried_ratio,soup_ratio,vegan_ratio
0,0.0761904761904762,0.1126984126984127,0.11746031746031746,0.0873015873015873,0.0,0.0380952380952381
1,0.07450980392156863,0.16601307189542483,0.15588235294117644,0.18218954248366012,0.03529411764705882,0.041176470588235294
