is_near_rent_due,orders,mean,median,sum
0,111,26.357027027027026,23.94,2925.63
1,16,25.05625,20.11,400.9
