is_near_rent_due,orders,mean,median,sum
0,111,25.780450450450452,23.5,2861.63
1,16,24.479375,18.97,391.67
