days_since_payday,orders,mean,median,sum
0,21,19.833333333333332,20.17,416.5
1,14,26.754285714285714,26.05,374.56
2,16,24.253125,22.98,388.05
3,12,21.160833333333333,19.325,253.93
4,28,27.610714285714288,23.869999999999997,773.1
5,17,27.68764705882353,24.7,470.69
6,19,30.340526315789475,24.2,576.47
