days_since_payday,orders,mean,median,sum
0,21,21.066190476190474,21.38,442.39
1,14,27.967857142857145,25.759999999999998,391.55
2,16,24.543125,23.505000000000003,392.69
3,12,22.57166666666667,20.485,270.86
4,28,28.355,24.055,793.94
5,17,27.868235294117646,25.44,473.76
6,19,29.54421052631579,25.08,561.34
