is_payday,orders,mean,median,sum
0,106,27.2088679245283,24.17,2884.14
1,21,21.066190476190474,21.38,442.39
